<?xml version="1.0" encoding="UTF-8"?>
<project-private xmlns="http://www.netbeans.org/ns/project-private/1">
    <editor-bookmarks xmlns="http://www.netbeans.org/ns/editor-bookmarks/2" lastBookmarkId="0"/>
    <open-files xmlns="http://www.netbeans.org/ns/projectui-open-files/2">
        <group>
            <file>file:/C:/Users/Cezary/Documents/NetBeansProjects/Hotele/src/warstwa_biznesowa/Reservation.java</file>
            <file>file:/C:/Users/Cezary/Documents/NetBeansProjects/Hotele/src/warstwa_biznesowa/Hotel.java</file>
            <file>file:/C:/Users/Cezary/Documents/NetBeansProjects/Hotele/src/warstwa_biznesowa/City.java</file>
            <file>file:/C:/Users/Cezary/Documents/NetBeansProjects/Hotele/src/warstwa_biznesowa/Room.java</file>
            <file>file:/C:/Users/Cezary/Documents/NetBeansProjects/Hotele/src/warstwa_biznesowa/Factory.java</file>
            <file>file:/C:/Users/Cezary/Documents/NetBeansProjects/Hotele/src/warstwa_biznesowa/Client.java</file>
            <file>file:/C:/Users/Cezary/Documents/NetBeansProjects/Hotele/src/warstwa_biznesowa/Facade.java</file>
        </group>
    </open-files>
</project-private>
